,제품명,성별,키,몸무게,핏,이미지링크,구매사이즈
0,에비에이터 B-3 무스탕 자켓 [블랙],남자,180cm,79kg,적당함,//image.msscdn.net/images/goods_img/20200903/1582142/1582142_2_500.jpg,L
1,에비에이터 B-3 무스탕 자켓 [블랙],남자,179cm,65kg,적당함,//image.msscdn.net/images/goods_img/20200903/1582142/1582142_2_500.jpg,M
2,에비에이터 B-3 무스탕 자켓 [블랙],남자,175cm,68kg,적당함,//image.msscdn.net/images/goods_img/20200903/1582142/1582142_2_500.jpg,L
3,에비에이터 B-3 무스탕 자켓 [블랙],남자,175cm,68kg,적당함,//image.msscdn.net/images/goods_img/20200903/1582142/1582142_2_500.jpg,L
4,에비에이터 B-3 무스탕 자켓 [블랙],남자,169cm,65kg,적당함,//image.msscdn.net/images/goods_img/20200903/1582142/1582142_2_500.jpg,L
5,에비에이터 B-3 무스탕 자켓 [블랙],여자,160cm,48kg,적당함,//image.msscdn.net/images/goods_img/20200903/1582142/1582142_2_500.jpg,S
6,에비에이터 B-3 무스탕 자켓 [블랙],남자,174cm,67kg,큼,//image.msscdn.net/images/goods_img/20200903/1582142/1582142_2_500.jpg,M
7,에비에이터 B-3 무스탕 자켓 [블랙],남자,169cm,65kg,적당함,//image.msscdn.net/images/goods_img/20200903/1582142/1582142_2_500.jpg,M
8,에비에이터 B-3 무스탕 자켓 [블랙],남자,175cm,73kg,적당함,//image.msscdn.net/images/goods_img/20200903/1582142/1582142_2_500.jpg,L
9,에비에이터 B-3 무스탕 자켓 [블랙],남자,168cm,63kg,적당함,//image.msscdn.net/images/goods_img/20200903/1582142/1582142_2_500.jpg,M
10,에비에이터 B-3 무스탕 자켓 [블랙],남자,177cm,73kg,적당함,//image.msscdn.net/images/goods_img/20200903/1582142/1582142_2_500.jpg,L
11,에비에이터 B-3 무스탕 자켓 [블랙],여자,160cm,65kg,적당함,//image.msscdn.net/images/goods_img/20200903/1582142/1582142_2_500.jpg,L
12,에비에이터 B-3 무스탕 자켓 [블랙],남자,177cm,57kg,적당함,//image.msscdn.net/images/goods_img/20200903/1582142/1582142_2_500.jpg,S
13,에비에이터 B-3 무스탕 자켓 [블랙],남자,175cm,58kg,적당함,//image.msscdn.net/images/goods_img/20200903/1582142/1582142_2_500.jpg,M
14,에비에이터 B-3 무스탕 자켓 [블랙],남자,177cm,73kg,적당함,//image.msscdn.net/images/goods_img/20200903/1582142/1582142_2_500.jpg,L
15,에비에이터 B-3 무스탕 자켓 [블랙],남자,175cm,68kg,적당함,//image.msscdn.net/images/goods_img/20200903/1582142/1582142_2_500.jpg,L
16,에비에이터 B-3 무스탕 자켓 [블랙],남자,177cm,77kg,적당함,//image.msscdn.net/images/goods_img/20200903/1582142/1582142_2_500.jpg,M
17,에비에이터 B-3 무스탕 자켓 [블랙],여자,160cm,48kg,큼,//image.msscdn.net/images/goods_img/20200903/1582142/1582142_2_500.jpg,M
18,에비에이터 B-3 무스탕 자켓 [블랙],남자,172cm,68kg,적당함,//image.msscdn.net/images/goods_img/20200903/1582142/1582142_2_500.jpg,L
19,에비에이터 B-3 무스탕 자켓 [블랙],남자,176cm,72kg,적당함,//image.msscdn.net/images/goods_img/20200903/1582142/1582142_2_500.jpg,L
20,에비에이터 B-3 무스탕 자켓 [블랙],남자,186cm,78kg,적당함,//image.msscdn.net/images/goods_img/20200903/1582142/1582142_2_500.jpg,L
21,에비에이터 B-3 무스탕 자켓 [블랙],여자,159cm,43kg,큼,//image.msscdn.net/images/goods_img/20200903/1582142/1582142_2_500.jpg,S
22,에비에이터 B-3 무스탕 자켓 [블랙],남자,173cm,62kg,적당함,//image.msscdn.net/images/goods_img/20200903/1582142/1582142_2_500.jpg,M
23,에비에이터 B-3 무스탕 자켓 [블랙],남자,171cm,65kg,큼,//image.msscdn.net/images/goods_img/20200903/1582142/1582142_2_500.jpg,L
24,에비에이터 B-3 무스탕 자켓 [블랙],남자,163cm,63kg,큼,//image.msscdn.net/images/goods_img/20200903/1582142/1582142_2_500.jpg,S
25,에비에이터 B-3 무스탕 자켓 [블랙],남자,184cm,75kg,적당함,//image.msscdn.net/images/goods_img/20200903/1582142/1582142_2_500.jpg,L
26,에비에이터 B-3 무스탕 자켓 [블랙],여자,163cm,78kg,작음,//image.msscdn.net/images/goods_img/20200903/1582142/1582142_2_500.jpg,S
27,에비에이터 B-3 무스탕 자켓 [블랙],남자,174cm,78kg,적당함,//image.msscdn.net/images/goods_img/20200903/1582142/1582142_2_500.jpg,L
28,에비에이터 B-3 무스탕 자켓 [블랙],남자,174cm,70kg,적당함,//image.msscdn.net/images/goods_img/20200903/1582142/1582142_2_500.jpg,L
29,에비에이터 B-3 무스탕 자켓 [블랙],남자,184cm,84kg,큼,//image.msscdn.net/images/goods_img/20200903/1582142/1582142_2_500.jpg,L
30,에비에이터 B-3 무스탕 자켓 [블랙],남자,187cm,74kg,적당함,//image.msscdn.net/images/goods_img/20200903/1582142/1582142_2_500.jpg,L
31,에비에이터 B-3 무스탕 자켓 [블랙],남자,170cm,50kg,적당함,//image.msscdn.net/images/goods_img/20200903/1582142/1582142_2_500.jpg,S
32,에비에이터 B-3 무스탕 자켓 [블랙],여자,157cm,42kg,큼,//image.msscdn.net/images/goods_img/20200903/1582142/1582142_2_500.jpg,S
33,에비에이터 B-3 무스탕 자켓 [블랙],여자,172cm,61kg,적당함,//image.msscdn.net/images/goods_img/20200903/1582142/1582142_2_500.jpg,M
34,에비에이터 B-3 무스탕 자켓 [블랙],남자,170cm,70kg,적당함,//image.msscdn.net/images/goods_img/20200903/1582142/1582142_2_500.jpg,L
35,에비에이터 B-3 무스탕 자켓 [블랙],남자,168cm,54kg,적당함,//image.msscdn.net/images/goods_img/20200903/1582142/1582142_2_500.jpg,M
36,에비에이터 B-3 무스탕 자켓 [블랙],남자,188cm,80kg,작음,//image.msscdn.net/images/goods_img/20200903/1582142/1582142_2_500.jpg,S
37,에비에이터 B-3 무스탕 자켓 [블랙],남자,175cm,84kg,적당함,//image.msscdn.net/images/goods_img/20200903/1582142/1582142_2_500.jpg,L
38,에비에이터 B-3 무스탕 자켓 [블랙],남자,170cm,74kg,적당함,//image.msscdn.net/images/goods_img/20200903/1582142/1582142_2_500.jpg,L
39,에비에이터 B-3 무스탕 자켓 [블랙],남자,180cm,65kg,적당함,//image.msscdn.net/images/goods_img/20200903/1582142/1582142_2_500.jpg,L
40,에비에이터 B-3 무스탕 자켓 [블랙],여자,159cm,49kg,큼,//image.msscdn.net/images/goods_img/20200903/1582142/1582142_2_500.jpg,S
41,에비에이터 B-3 무스탕 자켓 [블랙],남자,182cm,88kg,적당함,//image.msscdn.net/images/goods_img/20200903/1582142/1582142_2_500.jpg,L
42,에비에이터 B-3 무스탕 자켓 [블랙],여자,169cm,52kg,큼,//image.msscdn.net/images/goods_img/20200903/1582142/1582142_2_500.jpg,S
43,에비에이터 B-3 무스탕 자켓 [블랙],남자,175cm,69kg,적당함,//image.msscdn.net/images/goods_img/20200903/1582142/1582142_2_500.jpg,L
44,에비에이터 B-3 무스탕 자켓 [블랙],남자,158cm,60kg,큼,//image.msscdn.net/images/goods_img/20200903/1582142/1582142_2_500.jpg,S
45,에비에이터 B-3 무스탕 자켓 [블랙],남자,170cm,77kg,적당함,//image.msscdn.net/images/goods_img/20200903/1582142/1582142_2_500.jpg,L
46,에비에이터 B-3 무스탕 자켓 [블랙],남자,173cm,70kg,적당함,//image.msscdn.net/images/goods_img/20200903/1582142/1582142_2_500.jpg,L
47,에비에이터 B-3 무스탕 자켓 [블랙],남자,174cm,55kg,적당함,//image.msscdn.net/images/goods_img/20200903/1582142/1582142_2_500.jpg,M
48,에비에이터 B-3 무스탕 자켓 [블랙],남자,170cm,58kg,적당함,//image.msscdn.net/images/goods_img/20200903/1582142/1582142_2_500.jpg,S
49,에비에이터 B-3 무스탕 자켓 [블랙],여자,167cm,50kg,큼,//image.msscdn.net/images/goods_img/20200903/1582142/1582142_2_500.jpg,S
50,에비에이터 B-3 무스탕 자켓 [블랙],여자,156cm,45kg,적당함,//image.msscdn.net/images/goods_img/20200903/1582142/1582142_2_500.jpg,S
51,에비에이터 B-3 무스탕 자켓 [블랙],남자,171cm,63kg,적당함,//image.msscdn.net/images/goods_img/20200903/1582142/1582142_2_500.jpg,L
52,에비에이터 B-3 무스탕 자켓 [블랙],여자,170cm,56kg,적당함,//image.msscdn.net/images/goods_img/20200903/1582142/1582142_2_500.jpg,M
53,에비에이터 B-3 무스탕 자켓 [블랙],여자,170cm,68kg,적당함,//image.msscdn.net/images/goods_img/20200903/1582142/1582142_2_500.jpg,L
54,에비에이터 B-3 무스탕 자켓 [블랙],남자,175cm,70kg,적당함,//image.msscdn.net/images/goods_img/20200903/1582142/1582142_2_500.jpg,L
55,에비에이터 B-3 무스탕 자켓 [블랙],여자,162cm,53kg,큼,//image.msscdn.net/images/goods_img/20200903/1582142/1582142_2_500.jpg,S
56,에비에이터 B-3 무스탕 자켓 [블랙],남자,166cm,50kg,적당함,//image.msscdn.net/images/goods_img/20200903/1582142/1582142_2_500.jpg,S
57,에비에이터 B-3 무스탕 자켓 [블랙],남자,183cm,79kg,적당함,//image.msscdn.net/images/goods_img/20200903/1582142/1582142_2_500.jpg,L
58,에비에이터 B-3 무스탕 자켓 [블랙],여자,157cm,53kg,적당함,//image.msscdn.net/images/goods_img/20200903/1582142/1582142_2_500.jpg,S
59,에비에이터 B-3 무스탕 자켓 [블랙],남자,175cm,68kg,적당함,//image.msscdn.net/images/goods_img/20200903/1582142/1582142_2_500.jpg,L
60,에비에이터 B-3 무스탕 자켓 [블랙],남자,180cm,70kg,큼,//image.msscdn.net/images/goods_img/20200903/1582142/1582142_2_500.jpg,L
61,에비에이터 B-3 무스탕 자켓 [블랙],여자,156cm,48kg,큼,//image.msscdn.net/images/goods_img/20200903/1582142/1582142_2_500.jpg,S
62,에비에이터 B-3 무스탕 자켓 [블랙],남자,185cm,89kg,적당함,//image.msscdn.net/images/goods_img/20200903/1582142/1582142_2_500.jpg,L
63,에비에이터 B-3 무스탕 자켓 [블랙],남자,184cm,70kg,적당함,//image.msscdn.net/images/goods_img/20200903/1582142/1582142_2_500.jpg,L
64,에비에이터 B-3 무스탕 자켓 [블랙],남자,177cm,72kg,적당함,//image.msscdn.net/images/goods_img/20200903/1582142/1582142_2_500.jpg,M
65,에비에이터 B-3 무스탕 자켓 [블랙],남자,177cm,75kg,적당함,//image.msscdn.net/images/goods_img/20200903/1582142/1582142_2_500.jpg,L
66,에비에이터 B-3 무스탕 자켓 [블랙],여자,164cm,56kg,적당함,//image.msscdn.net/images/goods_img/20200903/1582142/1582142_2_500.jpg,M
67,에비에이터 B-3 무스탕 자켓 [블랙],남자,174cm,62kg,적당함,//image.msscdn.net/images/goods_img/20200903/1582142/1582142_2_500.jpg,L
68,에비에이터 B-3 무스탕 자켓 [블랙],여자,170cm,55kg,적당함,//image.msscdn.net/images/goods_img/20200903/1582142/1582142_2_500.jpg,M
69,에비에이터 B-3 무스탕 자켓 [블랙],여자,160cm,49kg,적당함,//image.msscdn.net/images/goods_img/20200903/1582142/1582142_2_500.jpg,M
70,에비에이터 B-3 무스탕 자켓 [블랙],여자,173cm,67kg,적당함,//image.msscdn.net/images/goods_img/20200903/1582142/1582142_2_500.jpg,L
71,에비에이터 B-3 무스탕 자켓 [블랙],남자,181cm,65kg,적당함,//image.msscdn.net/images/goods_img/20200903/1582142/1582142_2_500.jpg,L
72,에비에이터 B-3 무스탕 자켓 [블랙],남자,173cm,63kg,적당함,//image.msscdn.net/images/goods_img/20200903/1582142/1582142_2_500.jpg,M
73,에비에이터 B-3 무스탕 자켓 [블랙],여자,170cm,46kg,적당함,//image.msscdn.net/images/goods_img/20200903/1582142/1582142_2_500.jpg,S
74,에비에이터 B-3 무스탕 자켓 [블랙],남자,181cm,68kg,적당함,//image.msscdn.net/images/goods_img/20200903/1582142/1582142_2_500.jpg,L
75,에비에이터 B-3 무스탕 자켓 [블랙],여자,160cm,56kg,큼,//image.msscdn.net/images/goods_img/20200903/1582142/1582142_2_500.jpg,S
76,에비에이터 B-3 무스탕 자켓 [블랙],남자,168cm,55kg,적당함,//image.msscdn.net/images/goods_img/20200903/1582142/1582142_2_500.jpg,S
77,에비에이터 B-3 무스탕 자켓 [블랙],남자,180cm,80kg,적당함,//image.msscdn.net/images/goods_img/20200903/1582142/1582142_2_500.jpg,L
78,에비에이터 B-3 무스탕 자켓 [블랙],여자,163cm,50kg,큼,//image.msscdn.net/images/goods_img/20200903/1582142/1582142_2_500.jpg,S
79,에비에이터 B-3 무스탕 자켓 [블랙],여자,160cm,46kg,적당함,//image.msscdn.net/images/goods_img/20200903/1582142/1582142_2_500.jpg,S
80,에비에이터 B-3 무스탕 자켓 [블랙],남자,177cm,63kg,적당함,//image.msscdn.net/images/goods_img/20200903/1582142/1582142_2_500.jpg,L
81,에비에이터 B-3 무스탕 자켓 [블랙],여자,159cm,56kg,큼,//image.msscdn.net/images/goods_img/20200903/1582142/1582142_2_500.jpg,S
82,에비에이터 B-3 무스탕 자켓 [블랙],남자,173cm,70kg,적당함,//image.msscdn.net/images/goods_img/20200903/1582142/1582142_2_500.jpg,L
83,에비에이터 B-3 무스탕 자켓 [블랙],여자,167cm,55kg,큼,//image.msscdn.net/images/goods_img/20200903/1582142/1582142_2_500.jpg,M
84,에비에이터 B-3 무스탕 자켓 [블랙],남자,170cm,60kg,적당함,//image.msscdn.net/images/goods_img/20200903/1582142/1582142_2_500.jpg,L
85,에비에이터 B-3 무스탕 자켓 [블랙],남자,180cm,57kg,적당함,//image.msscdn.net/images/goods_img/20200903/1582142/1582142_2_500.jpg,L
86,에비에이터 B-3 무스탕 자켓 [블랙],여자,163cm,55kg,적당함,//image.msscdn.net/images/goods_img/20200903/1582142/1582142_2_500.jpg,S
87,에비에이터 B-3 무스탕 자켓 [블랙],여자,163cm,60kg,큼,//image.msscdn.net/images/goods_img/20200903/1582142/1582142_2_500.jpg,M
88,에비에이터 B-3 무스탕 자켓 [블랙],남자,173cm,72kg,적당함,//image.msscdn.net/images/goods_img/20200903/1582142/1582142_2_500.jpg,L
89,에비에이터 B-3 무스탕 자켓 [블랙],남자,183cm,65kg,적당함,//image.msscdn.net/images/goods_img/20200903/1582142/1582142_2_500.jpg,L
90,에비에이터 B-3 무스탕 자켓 [블랙],남자,182cm,75kg,적당함,//image.msscdn.net/images/goods_img/20200903/1582142/1582142_2_500.jpg,L
91,에비에이터 B-3 무스탕 자켓 [블랙],여자,162cm,45kg,큼,//image.msscdn.net/images/goods_img/20200903/1582142/1582142_2_500.jpg,M
92,에비에이터 B-3 무스탕 자켓 [블랙],남자,178cm,82kg,적당함,//image.msscdn.net/images/goods_img/20200903/1582142/1582142_2_500.jpg,L
93,에비에이터 B-3 무스탕 자켓 [블랙],여자,163cm,51kg,적당함,//image.msscdn.net/images/goods_img/20200903/1582142/1582142_2_500.jpg,S
94,에비에이터 B-3 무스탕 자켓 [블랙],남자,173cm,67kg,적당함,//image.msscdn.net/images/goods_img/20200903/1582142/1582142_2_500.jpg,L
95,에비에이터 B-3 무스탕 자켓 [블랙],남자,177cm,77kg,적당함,//image.msscdn.net/images/goods_img/20200903/1582142/1582142_2_500.jpg,M
96,에비에이터 B-3 무스탕 자켓 [블랙],여자,162cm,51kg,적당함,//image.msscdn.net/images/goods_img/20200903/1582142/1582142_2_500.jpg,M
97,에비에이터 B-3 무스탕 자켓 [블랙],남자,165cm,62kg,적당함,//image.msscdn.net/images/goods_img/20200903/1582142/1582142_2_500.jpg,S
98,에비에이터 B-3 무스탕 자켓 [블랙],남자,178cm,75kg,적당함,//image.msscdn.net/images/goods_img/20200903/1582142/1582142_2_500.jpg,L
99,에비에이터 B-3 무스탕 자켓 [블랙],남자,176cm,64kg,적당함,//image.msscdn.net/images/goods_img/20200903/1582142/1582142_2_500.jpg,M
